list_treatment,statistic,p.value
amenazar,0.11591965496362285,0.4070350656059548
desalojar,0.08468139552858313,0.5757638595663608
donar,-0.2356671104944537,0.1550635416896144
trabajo,-0.11052342641761301,0.4677930594281149
